iter	Logloss
0	0.6285512107
1	0.5746378241
